-- phpMyAdmin SQL Dump
-- version 5.1.1
-- https://www.phpmyadmin.net/
--
-- Εξυπηρετητής: 127.0.0.1
-- Χρόνος δημιουργίας: 01 Νοε 2022 στις 22:44:54
-- Έκδοση διακομιστή: 10.4.21-MariaDB
-- Έκδοση PHP: 8.0.12

SET SQL_MODE = "NO_AUTO_VALUE_ON_ZERO";
START TRANSACTION;
SET time_zone = "+00:00";


/*!40101 SET @OLD_CHARACTER_SET_CLIENT=@@CHARACTER_SET_CLIENT */;
/*!40101 SET @OLD_CHARACTER_SET_RESULTS=@@CHARACTER_SET_RESULTS */;
/*!40101 SET @OLD_COLLATION_CONNECTION=@@COLLATION_CONNECTION */;
/*!40101 SET NAMES utf8mb4 */;

--
-- Βάση δεδομένων: `cloud_quest_db`
--

-- --------------------------------------------------------

--
-- Δομή πίνακα για τον πίνακα `carts`
--

CREATE TABLE `carts` (
  `ID` int(11) NOT NULL,
  `USERID` varchar(50) NOT NULL,
  `PRODUCTID` varchar(50) NOT NULL,
  `DATEOFINSERTION` datetime NOT NULL
) ENGINE=InnoDB DEFAULT CHARSET=utf8mb4;

--
-- Άδειασμα δεδομένων του πίνακα `carts`
--

INSERT INTO `carts` (`ID`, `USERID`, `PRODUCTID`, `DATEOFINSERTION`) VALUES
(1, '99', '161', '2022-07-29 15:49:29'),
(2, '94', '142', '2022-09-17 13:22:46'),
(3, '32', '117', '2022-02-14 17:17:26'),
(4, '40', '138', '2022-02-18 05:36:24'),
(5, '40', '185', '2022-05-08 05:56:42'),
(6, '10', '10', '2022-06-05 13:59:35'),
(7, '35', '82', '2022-04-20 06:52:15'),
(8, '31', '162', '2022-02-08 09:42:49'),
(9, '15', '39', '2022-09-25 08:01:04'),
(10, '69', '83', '2022-01-24 20:17:23'),
(11, '99', '140', '2022-05-18 03:12:08'),
(12, '86', '88', '2022-10-05 19:32:17'),
(13, '6', '199', '2022-06-19 05:46:42'),
(14, '14', '110', '2022-06-21 05:33:24'),
(15, '23', '93', '2022-07-15 09:13:44'),
(17, '36', '16', '2022-06-10 20:12:04'),
(18, '98', '180', '2022-05-07 02:01:35'),
(19, '76', '42', '2022-06-01 08:38:42'),
(20, '80', '117', '2022-06-27 04:34:03'),
(21, '40', '157', '2022-07-02 19:16:24'),
(22, '98', '71', '2022-09-22 09:16:06'),
(23, '65', '192', '2022-05-11 07:58:46'),
(24, '40', '111', '2022-01-25 14:13:08'),
(25, '36', '25', '2022-08-22 19:21:24'),
(26, '72', '7', '2022-08-06 05:56:11'),
(27, '15', '71', '2022-05-29 18:05:10'),
(28, '29', '32', '2022-07-28 08:33:13'),
(29, '39', '105', '2022-04-03 14:01:57'),
(30, '2', '92', '2022-04-22 09:49:03'),
(31, '29', '161', '2022-05-31 10:56:45'),
(32, '76', '90', '2022-02-09 03:06:44'),
(33, '40', '25', '2022-08-14 02:26:51'),
(34, '66', '9', '2022-02-04 11:48:37'),
(35, '76', '126', '2022-09-17 01:48:53'),
(36, '94', '67', '2022-10-17 01:11:27'),
(37, '87', '52', '2022-03-26 08:47:01'),
(38, '64', '162', '2022-08-21 00:17:49'),
(39, '76', '71', '2022-02-07 02:14:37'),
(40, '40', '65', '2022-06-26 08:45:08'),
(41, '94', '46', '2022-10-07 18:49:53'),
(42, '99', '18', '2022-08-26 21:57:08'),
(43, '81', '52', '2022-04-29 12:03:57'),
(44, '10', '108', '2022-05-03 20:12:45'),
(45, '74', '144', '2022-05-22 15:22:50'),
(46, '86', '192', '2022-06-01 06:55:28'),
(47, '31', '92', '2022-06-03 11:21:44'),
(48, '14', '6', '2022-07-29 07:03:13'),
(49, '76', '137', '2022-07-23 15:44:50'),
(50, '80', '16', '2022-06-20 00:27:32'),
(51, '15', '171', '2022-07-05 13:45:52'),
(52, '94', '123', '2022-05-12 12:00:51'),
(53, '30', '191', '2022-09-06 12:24:37'),
(54, '61', '102', '2022-06-06 05:44:07'),
(55, '29', '195', '2022-03-21 15:11:11'),
(56, '14', '169', '2022-03-17 17:50:04'),
(57, '99', '46', '2022-04-28 13:37:06'),
(58, '16', '40', '2022-06-17 07:12:04'),
(59, '94', '181', '2022-02-24 18:43:30'),
(60, '69', '85', '2022-06-03 20:51:24'),
(61, '94', '180', '2022-10-29 14:32:15'),
(62, '81', '63', '2022-09-27 20:39:53'),
(63, '76', '118', '2022-08-23 23:13:18'),
(64, '76', '31', '2022-08-27 07:16:13'),
(65, '10', '69', '2022-06-18 00:11:14'),
(66, '80', '100', '2022-02-16 01:18:46'),
(67, '76', '133', '2022-02-20 13:32:58'),
(68, '72', '190', '2022-03-24 04:39:22'),
(69, '35', '83', '2022-04-11 16:32:27'),
(70, '86', '148', '2022-07-21 15:14:16'),
(71, '16', '55', '2022-07-11 19:36:06'),
(72, '10', '98', '2022-08-23 16:39:25'),
(73, '66', '174', '2022-07-29 11:40:46'),
(74, '2', '196', '2022-09-25 08:45:42'),
(75, '29', '168', '2022-03-29 04:46:42'),
(76, '16', '77', '2022-05-15 20:17:42'),
(77, '68', '138', '2022-04-06 17:26:05'),
(78, '90', '29', '2022-07-14 13:49:41'),
(79, '10', '19', '2022-02-25 07:12:19'),
(80, '66', '25', '2022-10-09 15:21:57'),
(81, '10', '75', '2022-01-10 17:02:26'),
(82, '30', '102', '2022-04-07 16:29:24'),
(83, '15', '35', '2022-07-07 05:15:09'),
(84, '31', '123', '2022-06-30 14:49:59'),
(85, '36', '82', '2022-06-04 22:30:55'),
(86, '10', '192', '2022-08-12 01:44:24'),
(87, '14', '94', '2022-05-07 20:20:55'),
(88, '10', '161', '2022-05-11 21:34:29'),
(89, '68', '172', '2022-08-29 03:34:57'),
(90, '6', '7', '2022-03-23 21:03:14'),
(91, '40', '24', '2022-05-13 12:32:05'),
(92, '87', '186', '2022-07-26 18:33:42'),
(93, '69', '45', '2022-07-22 17:24:27'),
(94, '65', '185', '2022-05-03 08:29:05'),
(95, '16', '129', '2022-10-15 04:31:50'),
(96, '29', '123', '2022-01-09 03:23:14'),
(97, '29', '159', '2022-01-21 04:04:27'),
(98, '30', '61', '2022-05-19 21:31:57'),
(99, '31', '112', '2022-09-23 23:18:56'),
(100, '76', '40', '2022-09-18 10:34:31');

-- --------------------------------------------------------

--
-- Δομή πίνακα για τον πίνακα `products`
--

CREATE TABLE `products` (
  `ID` int(11) NOT NULL,
  `NAME` varchar(100) NOT NULL,
  `PRODUCTCODE` varchar(50) NOT NULL,
  `PRICE` float NOT NULL,
  `DATEOFWITHDRAWAL` datetime NOT NULL,
  `SELLERNAME` varchar(50) NOT NULL,
  `SELLERID` int(11) NOT NULL,
  `CATEGORY` varchar(50) NOT NULL
) ENGINE=InnoDB DEFAULT CHARSET=utf8mb4;

--
-- Άδειασμα δεδομένων του πίνακα `products`
--

INSERT INTO `products` (`ID`, `NAME`, `PRODUCTCODE`, `PRICE`, `DATEOFWITHDRAWAL`, `SELLERNAME`, `SELLERID`, `CATEGORY`) VALUES
(1, '60CMX4M Kitchen countertops cabinets waterproof Furniture Facelift sticker', 'ers1925574Go', 24.5, '2024-07-29 02:42:29', 'Courtney Evans', 95, 'Home & Living'),
(2, 'Carters 2Piece Babysoft Bodysuit Dress  Cardigan Set', 'ers1925617Go', 17, '2024-07-30 02:42:29', 'Victoria Bradley', 67, 'Toys, Kids & Babies'),
(3, 'Swimsuit 2 Pieces Long Sleeves Padded Beach Bathing Swimwear  SLE1732', 'ers943600Go', 18.12, '2024-07-31 02:42:29', 'Molly Roman', 11, 'Women\'s Apparel'),
(4, 'Mds Frilly Ruffle Top', 'ers1064405Go', 38, '2024-08-01 02:42:29', 'Bethany David', 52, 'Women\'s Apparel'),
(5, 'Summer Women Batwing Short Sleeved Loose Top BigSize Tshirt', 'APS2004662010', 3.65, '2024-08-02 02:42:29', 'Johnny Bernard', 92, 'Women\'s Apparel'),
(6, 'Linen Storage Box Holder Jewelry Cosmetic Stationery Organizer Case Bag  Laundry', 'APS2004712810', 11.99, '2024-08-03 02:42:29', 'Megan Weber', 56, 'Home & Living'),
(7, 'Graphics Decals Hood Decals Full Size DieCut Vinyl Sticker', '80g78419076Ha', 2.76, '2024-08-04 02:42:29', 'Heather Collins', 71, 'Home & Living'),
(8, '12Pcs tree Charms Pendant For DIY Jewelry Necklace Making', '80g252736983Ha', 2.99, '2024-08-05 02:42:29', 'Joanna Armstrong', 26, 'Jewellery & Accessories'),
(9, 'Metal DIY Cutting Dies Stencil Scrapbook Album Paper Card Embossing Craft', 'Bra793229430Wo', 1.96, '2024-08-06 02:42:29', 'Johnny Bernard', 92, 'Design & Crafts'),
(10, 'Xiaomi Yi II WiFi 4K 2.19 Touch Sports Camera 2  32GB TF CN Version', 'Bra809446063Wo', 276.1, '2024-08-07 02:42:29', 'Kayla Alvarez', 27, 'Games & Hobbies'),
(11, 'Car Seat Protector Seat Back Cover Pet Mat FullLength Padded Waterproof', 'Bra809446145Wo', 15, '2024-08-08 02:42:29', 'Johnny Bernard', 92, 'Toys, Kids & Babies'),
(12, 'The summer couples house slippers indoors and indoors', 'Bag809427287Wo', 4.5, '2024-08-09 02:42:29', 'Corey Pugh', 28, 'Women\'s Shoes'),
(13, 'Japanese style Curtain Doorway Window Treatment Curtains Cotton Linen Curtain', 'Bag809427305Wo', 20, '2024-08-10 02:42:29', 'Richard Beck', 33, 'Home & Living'),
(14, 'DARTH MAUL character Tshirt cotton Lycra top Fashion Brand t shirt men new DIY', 'ief793240796Wo', 12.38, '2024-08-11 02:42:29', 'Amanda Ford', 22, 'Men\'s Wear'),
(15, 'P2P WIFI SPY Hidden Video Camera Night Vision Clock MINI DV DVR IOS IP 140 Degre', 'ief809446084Wo', 130.47, '2024-08-12 02:42:29', 'Courtney Evans', 95, 'Home & Living'),
(16, 'Back Cover Mobile Phone Case for Huawei Honor 8Lite with 360 Degree Combo Design', 'ten809364705Ki', 4.98, '2024-08-13 02:42:29', 'Zachary Velasquez', 43, 'Mobile & Gadgets'),
(17, '3Pcs necklace connector Charms For Jewelry Necklace Making', 'ten809408225Ki', 2.99, '2024-08-14 02:42:29', 'April Richardson', 85, 'Jewellery & Accessories'),
(18, 'Han wind spell color  wristband HUAWEI glory 8 youth version of nova/ enjo', 'per809446215Wo', 21, '2024-08-15 02:42:29', 'Steven Evans', 12, 'Mobile & Gadgets'),
(19, 'Swarovski Crystal Gold Plated Fashion Long Chain Necklaces', 'per809446365Wo', 5.14, '2024-08-16 02:42:29', 'Michael Arias', 96, 'Jewellery & Accessories'),
(20, 'Women Long Sleeve Knitted Cardigan Loose Sweater Outwear Coat Casual Sweater', 'ess1549975Bl', 10.68, '2024-08-17 02:42:29', 'Connor Cole', 38, 'Women\'s Apparel'),
(21, 'DK Eyewitness Travel Guide Ireland', 'ess1578584Bl', 35.59, '2024-08-18 02:42:29', 'Zachary Velasquez', 43, 'Miscellaneous '),
(22, 'SXXL White Navy Women Shirt Polka Dots Chiffon Vintage Blouse Long Sleeve Dots', 'ulb1166505Ou', 5.17, '2024-08-19 02:42:29', 'Richard Beck', 33, 'Women\'s Apparel'),
(23, 'Men Ice Silk Boxers Solid Color Seamless Underpants', 'ulb1166561Ou', 4.03, '2024-08-20 02:42:29', 'Caleb Carr', 53, 'Miscellaneous '),
(24, 'Adidas Originals  Superstar  Casual  Mid  Sneakers  Womens  Sports Shoes', 'ing868293551Or', 81.6, '2024-08-21 02:42:29', 'Heather Collins', 71, 'Women\'s Shoes'),
(25, 'Chic Tops Lady TShirts New Fashion Street Look Shirt Casual Blouse Comfy Outfit', 'ing868298757Or', 6.9, '2024-08-22 02:42:29', 'Kayla Alvarez', 27, 'Women\'s Apparel'),
(26, 'Tweeshop Lego Dimension Fun Pack ', 'ite868417234Or', 32, '2024-08-23 02:42:29', 'Brian York', 19, 'Games & Hobbies'),
(27, 'Woman fashion long boot knee high boots', 'ite868421248Or', 30, '2024-08-24 02:42:29', 'Molly Roman', 11, 'Women\'s Shoes'),
(28, 'Full Square Diamond 5D Embroidery Diy Diamond Painting Rhinestone Frameless', 'ing864678643In', 20, '2024-08-25 02:42:29', 'Natasha Kennedy', 57, 'Home & Living'),
(29, 'MCJH&TWJ backpack canvas backpack school bag Rakuten couple backpack', 'ing864801685In', 46.06, '2024-08-26 02:42:29', 'Courtney Evans', 95, 'Toys, Kids & Babies'),
(30, 'Cookie Monster T Shirt Men Funny diy Reservoir Muppets Cotton Short Sleeve mens', 'ing864812407In', 12.95, '2024-08-27 02:42:29', 'Brian York', 19, 'Men\'s Wear'),
(31, 'Military Mens Waterproof Date Leather Band Analog Sport Wrist Watch Watches', 'ing874063253Ne', 4.45, '2024-08-28 02:42:29', 'Carlos Carter', 18, 'Watches'),
(32, 'Womens Link Chain Charm Pendant Necklace', 'ing874066799Ne', 0.63, '2024-08-29 02:42:29', 'Paul Clark', 21, 'Jewellery & Accessories'),
(33, 'Coach shoulder bag', 'ble868264273Ne', 200, '2024-08-30 02:42:29', 'Robert Holt', 24, 'Bags & Luggage'),
(34, 'ZANZEA Women Tank Tops Vest Sleeveless Casual Loose Shirt Blouse Cami', 'ble868270887Ne', 6.1, '2024-08-31 02:42:29', 'Paul Clark', 21, 'Women\'s Apparel'),
(35, 'Nike Huareche  Fashion Runing Shoes', 'ens868606162Ne', 68.1, '2024-09-01 02:42:29', 'Joanna Armstrong', 26, 'Men\'s Shoes'),
(36, 'Patterns Metal Stencils DIY Craft Scrapbook Paper Card Scrapbooking', 'ens868609496Ne', 4.87, '2024-09-02 02:42:29', 'Tyler Young', 59, 'Design & Crafts'),
(37, 'Largeeye Stitching Needles Hand Sewing Needles Leather ProjectsClear Bottle', 'ing868520543Or', 1.9, '2024-09-03 02:42:29', 'Caleb Carr', 53, 'Home Appliances'),
(38, 'Free Ring HolderAdidas matte Case For Huawei MATE S', 'ing868526863Or', 4.99, '2024-09-04 02:42:29', 'Tara Morrison', 47, 'Mobile & Gadgets'),
(39, 'Z. MO Titanium Steel   Titanium Steel Anklet', 'ble874030815Or', 13.47, '2024-09-05 02:42:29', 'Robert Holt', 24, 'Jewellery & Accessories'),
(40, '40Pcs starfish Charms Pendant For Jewelry Necklace Making', 'ble874033786Or', 2.99, '2024-09-06 02:42:29', 'Eric Alvarez', 20, 'Jewellery & Accessories'),
(41, 'BOUNABAY Waterproof WATCH Men Automatic Business Clock', 'ing874010964Or', 14.82, '2024-09-07 02:42:29', 'Molly Roman', 11, 'Watches'),
(42, 'tshirt Women Casual T Blouse Loose Sleeve Wings Long Angel Shirt Tops', 'ing874013437Or', 3.25, '2024-09-08 02:42:29', 'Sandra Jones', 17, 'Women\'s Apparel'),
(43, 'Chic Tops Lady TShirts New Fashion Street Look Shirt Casual Blouse Comfy Outfit', 'Top874021325Or', 6.9, '2024-09-09 02:42:29', 'Megan Weber', 56, 'Women\'s Apparel'),
(44, 'Soft TPU Back Cover Case for Google Nexus 6P', 'Top874024152Or', 5.9, '2024-09-10 02:42:29', 'Eric Alvarez', 20, 'Mobile & Gadgets'),
(45, 'Harajuku Velvet thick Hoodie Sweatshirt Tops loose fit', 'ens868387427Ne', 11.66, '2024-09-11 02:42:29', 'Molly Roman', 11, 'Women\'s Apparel'),
(46, 'Samsung T550 Painted Tablet Case Protective Sleeve Tablet PC', 'ens868402016Ne', 9.38, '2024-09-12 02:42:29', 'Joanna Armstrong', 26, 'Mobile & Gadgets'),
(47, 'Casual Dress', 'ens868584660Ne', 21.99, '2024-09-13 02:42:29', 'Steven Martin', 25, 'Women\'s Apparel'),
(48, 'Women Tank Tops Sleeveless Camisole Blouses Mini Dress Tank Clothes', 'ens868552758Or', 7.9, '2024-09-14 02:42:29', 'Steven Evans', 12, 'Women\'s Apparel'),
(49, 'Loose Long Trousers Yoga Pants Casual Harem Pants Loose Bloomers Dancing Pant', 'ens868564173Or', 19, '2024-09-15 02:42:29', 'Johnny Bernard', 92, 'Women\'s Apparel'),
(50, 'For Samsung A3 2017 wallet case Wrist Strap PU leather Credit Card case', 'ing868593953Or', 9, '2024-09-16 02:42:29', 'Molly Roman', 11, 'Mobile & Gadgets'),
(51, 'Women Crescent Moon Pendant Necklace', 'ing868597991Or', 0.63, '2024-09-17 02:42:29', 'Heather Collins', 71, 'Jewellery & Accessories'),
(52, 'Large Size Men Comfy Oxfords Casual Business Oxfords Shoes Soft Sole Oxfords', 'ing868438716Or', 38, '2024-09-18 02:42:29', 'Natasha Kennedy', 57, 'Men\'s Shoes'),
(53, 'ANMYNA', 'ing868442545Or', 35, '2024-09-19 02:42:29', 'Penny Wright', 93, 'Health & Beauty'),
(54, 'Korean Bestselling Stylish Choker Pendant Necklace', 'bag83945067120', 24, '2024-09-20 02:42:29', 'Donald White', 5, 'Jewellery & Accessories'),
(55, 'Spring Womens cotton and blending Loose Blouse Tshirt', 'bag83945079120', 10.7, '2024-09-21 02:42:29', 'Colleen Ramirez', 83, 'Women\'s Apparel'),
(56, 'Loose Long Trousers Yoga Pants Casual Harem Pants Loose Bloomers Dancing Pant', 'oes77407805720', 13.9, '2024-09-22 02:42:29', 'Tina Stafford', 54, 'Women\'s Apparel'),
(57, 'Women Tank Tops Sleeveless Camisole Blouses Mini Dress Tank Clothes', 'oes77407805920', 7.9, '2024-09-23 02:42:29', 'Richard Beck', 33, 'Women\'s Apparel'),
(58, '300M Durable PE 4 StrandsFishing Line', 'ket738617564Ne', 38.86, '2024-09-24 02:42:29', 'Heather Collins', 71, 'Sports & Outdoors'),
(59, 'Free Ring HolderAdidas matte Case For Samsung Galaxy Note Edge', 'ket738617799Ne', 4.99, '2024-09-25 02:42:29', 'Amanda Ford', 22, 'Mobile & Gadgets'),
(60, 'Weed Leaf 3D Sweatshirt Clothes Hoodies Women Men Pullovers Hoodie Top', 'oes718613266Ca', 26.03, '2024-09-26 02:42:29', 'Chris Lee', 45, 'Women\'s Apparel'),
(61, 'US Nike Mens and Womens Hypervenoms Phelon III AG Cleats Soccer Shoes ', 'oes718629621Ca', 63.95, '2024-09-27 02:42:29', 'Victoria Bradley', 67, 'Men\'s Shoes'),
(62, 'Inflation Tiedyed Cotton Tshirt Short Sleeve Tops', 'bag83945068220', 16.2, '2024-09-28 02:42:29', 'Ernest Maldonado', 78, 'Men\'s Wear'),
(63, 'Women Thin Badge Bomber Flying jacket baseball suit Outerwear', 'bag83945068320', 11.78, '2024-09-29 02:42:29', 'Brian York', 19, 'Women\'s Apparel'),
(64, ' Cat Pattern Leather Band Analog Quartz Vogue Wrist Watch', 'ing23897109No', 3.1, '2024-09-30 02:42:29', 'Zachary Velasquez', 43, 'Watches'),
(65, '50 x Rivets studs strand Metal Gold color for leather bag DIY', 'ing23898134No', 1.47, '2024-10-01 02:42:29', 'Johnny Bernard', 92, 'Design & Crafts'),
(66, 'Beau Headband', 'ing37572681No', 3, '2024-10-02 02:42:29', 'Joanna Armstrong', 26, 'Jewellery & Accessories'),
(67, 'For  iPhoneX/6/6s/7/8plus  All inclusive  soft  case', 'ing32735491No', 157.92, '2024-10-03 02:42:29', 'Megan Weber', 56, 'Mobile & Gadgets'),
(68, 'Women Briefs Panties Lace Underwear Transparent Lingerie Thongs Plus Size', 'ing78723069No', 2.66, '2024-10-04 02:42:29', 'Tyler Young', 59, 'Women\'s Apparel'),
(69, 'Kids Baby New Fashion Cute Girl Casual Long Sleeves Party Bridesmaid Dress', 'rts425980BN', 7.92, '2024-10-05 02:42:29', 'Sandra Jones', 17, 'Toys, Kids & Babies'),
(70, 'TShirt Bitcoin Mining Miner Printing Man T Shirt Short Sleeve summer casual Tee', 'rts729676BN', 12.91, '2024-10-06 02:42:29', 'Carlos Carter', 18, 'Men\'s Wear'),
(71, 'home Women Sleepwear Lingerie Nightwear Sleepshirt', 'NGS10611918In', 5.2, '2024-10-07 02:42:29', 'Ernest Maldonado', 78, 'Women\'s Apparel'),
(72, 'Women Blouse Elegant Tops Flirty Classy Ladies Dress Flounced Top', 'NGS10612375In', 298.5, '2024-10-08 02:42:29', 'Chris Lee', 45, 'Women\'s Apparel'),
(73, 'Cotton Newborn Baby Girl Boy Clothes Bodysuit Romper Jumpsuit Playsuit Outfits', 'NGS10612588In', 4.45, '2024-10-09 02:42:29', 'April Richardson', 85, 'Toys, Kids & Babies'),
(74, '2017 Halloween Women Cosplay Witch Sorceress Costume Fancy Dress Outfit', 'NGS10612741In', 64.28, '2024-10-10 02:42:29', 'Christopher Henry', 62, 'Women\'s Apparel'),
(75, 'Men T shirt Weird Bring Me the Horizon DIY Short sleeve Street cool tee mens', 'ks)981845718Ad', 12.77, '2024-10-11 02:42:29', 'Donald White', 5, 'Men\'s Wear'),
(76, 'Women‘s Fashion Jewelry Shine Design Rose Gold Silver Plated Ring 1619mm FM', 'ks)1014583015Ad', 1.74, '2024-10-12 02:42:29', 'Brian York', 19, 'Jewellery & Accessories'),
(77, 'Hoodie Sweatshirt Casual Hooded Coat Pullover Pullover Tops', 'tor1041741951Ap', 6, '2024-10-13 02:42:29', 'Sandra Jones', 17, 'Women\'s Apparel'),
(78, 'Glitter Rainbow Unicorn Baby Hairband Cat Ear Headband Flower Hair Hoop', 'tor1041743233Ap', 2.35, '2024-10-14 02:42:29', 'April Richardson', 85, 'Jewellery & Accessories'),
(79, 'Womens Business Suit Pencil Skirt Skirt', 'ase1037452251Sa', 10.05, '2024-10-15 02:42:29', 'Ernest Maldonado', 78, 'Women\'s Apparel'),
(80, 'hot brand new fashion popular chain necklace jewelry', 'ase1039471869Sa', 4.97, '2024-10-16 02:42:29', 'Corey Pugh', 28, 'Jewellery & Accessories'),
(81, 'Bikini Yellow Striped Beach Wear Swim Suit Plus Size With Chest Pad', 'een1040486881VI', 10.99, '2024-10-17 02:42:29', 'Heather Collins', 71, 'Women\'s Apparel'),
(82, '4.5ml Makeup Cosmetic Black Waterproof Eyeliner Liquid Leopard Eye Liner Pencil', 'een1040486882VI', 14.37, '2024-10-18 02:42:29', 'Tara Barker', 34, 'Health & Beauty'),
(83, 'swimming suit vintage one pice  Korean style', 'ing1032361240Ap', 19.68, '2024-10-19 02:42:29', 'Steven Martin', 25, 'Women\'s Apparel'),
(84, 'Toddler Shoes SB14 (Size 12)', 'ing1032386619Ap', 5, '2024-10-20 02:42:29', 'Joanna Armstrong', 26, 'Toys, Kids & Babies'),
(85, 'Baellerry Transverse Wallet Canvas Credit Card Bifold Purse', 'ing1032402288Ap', 14, '2024-10-21 02:42:29', 'Elizabeth Vaughn', 58, 'Bags & Luggage'),
(86, '(XL-5XL) 2016 Hitz women loose, casual sweater Plus Size', 'ing1032462198Ap', 26.9, '2024-10-22 02:42:29', 'Joanna Armstrong', 26, 'Women\'s Apparel'),
(87, '2016 Fashion popular ring', 'ing1032511453Ap', 9.63, '2024-10-23 02:42:29', 'Katherine Johnson', 73, 'Jewellery & Accessories'),
(88, 'Balenciaga TripeS Fashion Runing Shoes', 'ing1033905361Ap', 68.1, '2024-10-24 02:42:29', 'Ernest Maldonado', 78, 'Men\'s Shoes'),
(89, 'Women Wallets Ladies Purses', 'ing1033921787Ap', 21, '2024-10-25 02:42:29', 'Victoria Bradley', 67, 'Bags & Luggage'),
(90, 'Womens Lady Gauze Stretchy Ripped Bandage Leggings Skinny Slim Trousers', 'ing1033988873Ap', 5.5, '2024-10-26 02:42:29', 'Kayla Alvarez', 27, 'Women\'s Apparel'),
(91, 'usb flash drive waterproof colorful new style 8GB 16GB 32GB 64GB Mini USB 2.0 Memory Stick Flash Pen', 'ing1034003228Ap', 3.6, '2024-10-27 02:42:29', 'Colleen Ramirez', 83, 'Mobile & Gadgets'),
(92, 'Ultra High Speed HDMI V2.0 2160P 4K Cable with 90°270° Adapter', 'ing1034050944Ap', 3.64, '2024-10-28 02:42:29', 'Ebony Soto', 89, 'Computers & Peripherals'),
(93, 'Vintage Women Laceup Casual Brogue Shoes for Women Handmade Shoes', 'een1040389464OP', 19.64, '2024-10-29 02:42:29', 'Johnny Bernard', 92, 'Women\'s Shoes'),
(94, '2019 New Promotion 1 panel Lotus Leaf Painting Wall Decoration', 'een1040390159OP', 12, '2024-10-30 02:42:29', 'Christopher Henry', 62, 'Home & Living'),
(95, 'Women flat shoes loafers leather new style round toe ladies shoes', 'een1040398112OP', 21.6, '2024-10-31 02:42:29', 'Connor Cole', 38, 'Women\'s Shoes'),
(96, 'Flip Leather Painting Case For Samsung Galaxy Note 5', 'een1040398754OP', 3.99, '2024-11-01 02:42:29', 'Zachary Velasquez', 43, 'Mobile & Gadgets'),
(97, 'Adidas Baby Skin matte Froest Case For LG Nexus 5X', 'ase1032354453Ap', 4.99, '2024-11-02 02:42:29', 'Caleb Carr', 53, 'Mobile & Gadgets'),
(98, 'Fashion Muslim Robe Lace Patchwork Dresses Abaya Kaftan Islamic Clothing Hijab', 'ase1032386383Ap', 222, '2024-11-03 02:42:29', 'Robert Holt', 24, 'Men\'s Wear'),
(99, 'Cotton Branded Baseball Cap Adjustable Masculino Trucker Cap', 'ase1032401972Ap', 9.5, '2024-11-04 02:42:29', 'Natasha Kennedy', 57, 'Jewellery & Accessories'),
(100, 'casual male T Shirt Novelty cartoon car bus car pattern Mens Short TShirt top', 'ing1032462624Ap', 12.91, '2024-11-05 02:42:29', 'Connor Cole', 38, 'Men\'s Wear'),
(101, '11color S5XL Plus Size 2017 Europe Women Long Sleeve Vneck Loose Chiffon Shirt', 'ing1032511147Ap', 9, '2024-11-06 02:42:29', 'Megan Weber', 56, 'Women\'s Apparel'),
(102, ' Umbrella Flowers Selfstanding Upside Down Car Rain Gear', 'ing1033906304Ap', 13.16, '2024-11-07 02:42:29', 'Chris Lee', 45, 'Home & Living'),
(103, 'VIVO Y51 Y53 360 full case cover with free glass', 'ing1033921117Ap', 10.27, '2024-11-08 02:42:29', 'Colleen Ramirez', 83, 'Mobile & Gadgets'),
(104, 'Women back hollow perspective evening dress Lowest Price', 'ing1033987982Ap', 21.83, '2024-11-09 02:42:29', 'Natasha Kennedy', 57, 'Women\'s Apparel'),
(105, 'Large Size Men Comfy Oxfords Casual Business Oxfords Shoes Soft Sole Oxfords', 'ing1034003604Ap', 39, '2024-11-10 02:42:29', 'Natasha Kennedy', 57, 'Men\'s Shoes'),
(106, 'Women Fashion Round Elastic Quartz Finger Ring With Watch', 'ing1034050681Ap', 2.52, '2024-11-11 02:42:29', 'Kayla Alvarez', 27, 'Watches'),
(107, 'Hole pencil pants Slim pants', 'ase1037451915Sa', 9.27, '2024-11-12 02:42:29', 'Victoria Bradley', 67, 'Women\'s Apparel'),
(108, 'Retro Super Heroes Decorative Metal Poster  Batman', 'ase1039475176Sa', 9.9, '2024-11-13 02:42:29', 'Molly Roman', 11, 'Home & Living'),
(109, 'DM58 USB2.0 OLED Blood Pressure Monitoring Pedometer Sport Smart Watch', 'ase1032401705Ap', 44.91, '2024-11-14 02:42:29', 'Richard Beck', 33, 'Mobile & Gadgets'),
(110, 'Girls Princess Party Wedding Bridesmaid Tutu Dress Cheongsam Children Qipao', 'ase1032463305Ap', 8.72, '2024-11-15 02:42:29', 'Tara Morrison', 47, 'Toys, Kids & Babies'),
(111, 'fashion luxury shoulder tote leather PU handbag tassel sling style crossbody bag', 'ase1032510815Ap', 25.98, '2024-11-16 02:42:29', 'Chris Lee', 45, 'Bags & Luggage'),
(112, 'L Style  Lipstock', 'ase1033907134Ap', 10, '2024-11-17 02:42:29', 'Bethany David', 52, 'Games & Hobbies'),
(113, 'Sela Mens Je Suis Charlie Black Cotton TShirt', 'ase1033921291Ap', 14, '2024-11-18 02:42:29', 'Johnny Bernard', 92, 'Men\'s Wear'),
(114, 'New Summer Cotton Mens T Shirt Skyrim Fashion mens tees Short Sleeve Cool Tees', 'ase1033986591Ap', 12.23, '2024-11-19 02:42:29', 'Natasha Kennedy', 57, 'Men\'s Wear'),
(115, '2in1 Case for Samsung Galaxy J7(2017) with Armor Hybrid TPUPC Combo Kickstand', 'ase1034003740Ap', 4.98, '2024-11-20 02:42:29', 'Elizabeth Vaughn', 58, 'Mobile & Gadgets'),
(116, '1155 Skmei Waterproof Dual Time Digital Sports Watch Shock Resistant PU Strap', 'ase1037453358Sa', 18.74, '2024-11-21 02:42:29', 'Courtney Evans', 95, 'Mobile & Gadgets'),
(117, 'The cool mind T Shirt men Cotton Short sleeve The dark side of the moon Printed', 'ase1039474076Sa', 12.59, '2024-11-22 02:42:29', 'Paul Clark', 21, 'Men\'s Wear'),
(118, 'Cellglo Crystal Eye', 'tor1041728845iP', 128, '2024-11-23 02:42:29', 'Victoria Bradley', 67, 'Health & Beauty'),
(119, '8mm Dot Earrings', 'tor1041730791iP', 4, '2024-11-24 02:42:29', 'Elizabeth Vaughn', 58, 'Jewellery & Accessories'),
(120, 'Zanzea Vintage Lace Stitching FloorLength Dress_GS', 'een1040415026OP', 8.17, '2024-11-25 02:42:29', 'Joanna Armstrong', 26, 'Women\'s Apparel'),
(121, 'Nike  Air Huarache Mens/Womens Shoes', 'een1040415050OP', 74.75, '2024-11-26 02:42:29', 'Elizabeth Vaughn', 58, 'Men\'s Shoes'),
(122, 'Apple iPad mini 2 3 4 Flat Leather Case Protective Case iPad mini4 Case Falling', 'een1040556705iP', 23.92, '2024-11-27 02:42:29', 'Arthur Thomas', 51, 'Mobile & Gadgets'),
(123, 'Xiaomi Mix 6.4inch 16MP Camera Fingerprint Dual SIM LCD Capacitive Smartphone', 'een1040558202iP', 788.6, '2024-11-28 02:42:29', 'Joanna Armstrong', 26, 'Mobile & Gadgets'),
(124, 'AZ Alphabet Letter Silver Plated Bead Pendants DIY Bracelet', 'ase1037450144iP', 4.6, '2024-11-29 02:42:29', 'Connor Cole', 38, 'Jewellery & Accessories'),
(125, 'European American Fashion Women Diamond Lattice Handbag Chain Shoulder Bag', 'ase1039471492iP', 23, '2024-11-30 02:42:29', 'Kelli White', 70, 'Bags & Luggage'),
(126, 'Mens Long Sleeve Plaid Button Down Casual Shirts', 'een1040505788VI', 17.46, '2024-12-01 02:42:29', 'Katherine Johnson', 73, 'Men\'s Wear'),
(127, 'Pregnant womens breastfeeding pure cotton suit pajamas', 'een1040507253VI', 39, '2024-12-02 02:42:29', 'Caleb Carr', 53, 'Women\'s Apparel'),
(128, 'ZANZEA Womens Jumpsuit Autumn Solid Wide Leg Pants Playsuits Loose Plus Size', 'tor1041814578VI', 25, '2024-12-03 02:42:29', 'Elizabeth Vaughn', 58, 'Women\'s Apparel'),
(129, 'adidas x Rick Owens Mastodon ProMens sports shoeswomens shoes in summerallm', 'tor1041818029VI', 57.85, '2024-12-04 02:42:29', 'Paul Clark', 21, 'Women\'s Shoes'),
(130, 'Women Floral Cardigan Embroidered Beachwear Travel Shirt Sunblock Sweater', 'ase1032335040NE', 23.9, '2024-12-05 02:42:29', 'Paul Clark', 21, 'Women\'s Apparel'),
(131, 'Free Ring HolderAdidas matte Case For Samsung Galaxy S6 Edge Plus', 'ase1032385347NE', 4.99, '2024-12-06 02:42:29', 'Michael Arias', 96, 'Mobile & Gadgets'),
(132, '2018 CM Nike Air Max 2018 Vapormax Flyknit Mens Shoes Womens Shoes2018 CM', 'ase1032401411NE', 64, '2024-12-07 02:42:29', 'Zachary Velasquez', 43, 'Jewellery & Accessories'),
(133, 'Fannai Men Fitness Quick Dry Sports Short Pants Compression Wear Size M3XL', 'ase1032463835NE', 10, '2024-12-08 02:42:29', 'Zachary Velasquez', 43, 'Men\'s Wear'),
(134, 'Military Style Unisex  Canvas Belt Web Belt Woven Belt', 'ase1032510532NE', 13, '2024-12-09 02:42:29', 'Courtney Evans', 95, 'Jewellery & Accessories'),
(135, 'Drawstring bag', 'ase1033908624NE', 12, '2024-12-10 02:42:29', 'Amanda Ford', 22, 'Bags & Luggage'),
(136, 'Womens Mirrored Lenses Designer Sport Retro Vintage Cat Eye Oversized Sunglasses', 'ase1033921521NE', 5.49, '2024-12-11 02:42:29', 'Tara Barker', 34, 'Jewellery & Accessories'),
(137, 'Homer Cross DIY cotton short sleeve TShirt summer tee', 'ase1033984890NE', 18, '2024-12-12 02:42:29', 'Richard Beck', 33, 'Men\'s Wear'),
(138, 'Korea Fashion Korean Badge Large Capacity Travel Bag', 'ase1034004034NE', 20.38, '2024-12-13 02:42:29', 'Tara Barker', 34, 'Bags & Luggage'),
(139, 'Soft TPU Back Case for Samsung Galaxy Core 2 G355H ', 'ase1034051976NE', 3.49, '2024-12-14 02:42:29', 'Tara Morrison', 47, 'Mobile & Gadgets'),
(140, 'Polari International Prada Prada Shoulder Bag Shoulder Bag 083712', 'ase1037391239iP', 210, '2024-12-15 02:42:29', 'Bethany David', 52, 'Bags & Luggage'),
(141, 'Ultrathin Leather Pattern TPU Soft Back Case Cover Protective Shell for Huawei', 'ase1039470961iP', 4, '2024-12-16 02:42:29', 'Donald White', 5, 'Mobile & Gadgets'),
(142, 'Panties Male Underwear Mens Boxers Striped Cotton', 'een1040531246ME', 3.53, '2024-12-17 02:42:29', 'Courtney Evans', 95, 'Men\'s Wear'),
(143, 'Usborne Picture Books', 'een1040534060ME', 8.9, '2024-12-18 02:42:29', 'Caleb Carr', 53, 'Toys, Kids & Babies'),
(144, 'Long  sleeved cartoon T  shirt children s clothing', 'ase1037451298Sa', 27.48, '2024-12-19 02:42:29', 'Steven Evans', 12, 'Toys, Kids & Babies'),
(145, 'MULBA PU Leather Bracelet for Women,Casual Bracelet Cuff', 'ase1039474644Sa', 5.1, '2024-12-20 02:42:29', 'Christopher Henry', 62, 'Jewellery & Accessories'),
(146, '100*58cm/110*60cm 5pcs/Set Promotion Cotton Baby Children Bedding Set', 'ver1024855394iP', 12.65, '2024-12-21 02:42:29', 'Caleb Carr', 53, 'Toys, Kids & Babies'),
(147, 'New set of 20 Professional pieces brushes pack complete makeup brushes', 'ver1024864164iP', 4.48, '2024-12-22 02:42:29', 'Tara Morrison', 47, 'Health & Beauty'),
(148, '4GB/8GB/16GB/32GB/64GB Dead Girls are Skinnier Design Card USB Flash Drive USB Thumb Drive USB Drive', 'ver1024878352iP', 5.6, '2024-12-23 02:42:29', 'Steven Evans', 12, 'Computers & Peripherals'),
(149, 'Casual Women Slim Denim Jackets Punk Style Fashion Slim Fit Jean Jacket', 'ver1024905518iP', 68, '2024-12-24 02:42:29', 'Donald White', 5, 'Women\'s Apparel'),
(150, 'Men Soft Suede Flat Outdoor Loafers Comfort Driving Moccasin Casual Flats Shoes', 'ver1024915054iP', 27, '2024-12-25 02:42:29', 'Courtney Evans', 95, 'Men\'s Shoes'),
(151, 'Abercrombie & Fitch BLACK BASIC ROUND TEE', 'ver1024918901iP', 30, '2024-12-26 02:42:29', 'Steven Martin', 25, 'Men\'s Wear'),
(152, 'Kiel James Patrick Anchor Bracelet', 'ver1024923687iP', 19.9, '2024-12-27 02:42:29', 'Christina Christensen', 63, 'Jewellery & Accessories'),
(153, 'Cartoon Bear Apple 6S mobile phone shell iPhone7/6 PLUS creative personality cut', 'ver1024966562iP', 6.63, '2024-12-28 02:42:29', 'Kayla Alvarez', 27, 'Mobile & Gadgets'),
(154, 'Womens Toe clip Flat Plus size Shoes Bohemian Sandals with Rhinestone', 'ver1024990033iP', 14.7, '2024-12-29 02:42:29', 'Tara Barker', 34, 'Men\'s Shoes'),
(155, 'Pug Ride Letter Cotton Linen Square Throw Pillow Case Home Decor Cushion Cover', 'ver1025008642iP', 2.81, '2024-12-30 02:42:29', 'April Richardson', 85, 'Home & Living'),
(156, 'Men bike wear perspiration outdoor cycling set', 'ver1025016732iP', 27.72, '2024-12-31 02:42:29', 'Chris Lee', 45, 'Sports & Outdoors'),
(157, 'Baoli International Hermes Hermes Tote Lindi12', 'ver1025036796iP', 202, '2025-01-01 02:42:29', 'Megan Weber', 56, 'Bags & Luggage'),
(158, 'Ready Stock Fashion Phone Case Back Shell Covers For iPhone 6/7/8', 'ver1025047535iP', 6, '2025-01-02 02:42:29', 'Paul Clark', 21, 'Mobile & Gadgets'),
(159, 'Cellglo Crystal Eye', 'ver1025077801iP', 128, '2025-01-03 02:42:29', 'Joanna Armstrong', 26, 'Health & Beauty'),
(160, 'Nightclub, red light district, dress', 'ver1025089088iP', 17.43, '2025-01-04 02:42:29', 'Megan Weber', 56, 'Women\'s Apparel'),
(161, 'Embroidered shirt Print fashion shirt long sleeve shirt simple elegant hundred', 'ver1025100733iP', 6.01, '2025-01-05 02:42:29', 'Richard Beck', 33, 'Bags & Luggage'),
(162, 'Acrylic display rack rack rack eyebrow pen pencil lipstick Mascara makeup acces', 'ver1025116523iP', 69.61, '2025-01-06 02:42:29', 'Penny Wright', 93, 'Health & Beauty'),
(163, 'Solid Color Shoulder Messenger Mini Envelope Bag for Lady', 'ver1025128358iP', 7.5, '2025-01-07 02:42:29', 'April Richardson', 85, 'Bags & Luggage'),
(164, 'Nike Mens ACC Mercurial Superfly V FG Cleats Soccer Shoes Black', 'ver1025145354iP', 95, '2025-01-08 02:42:29', 'Richard Beck', 33, 'Men\'s Shoes'),
(165, 'Autumn Fashion Women s Casual Cool Long Sleeve Denim Blouson Jacket Coat', 'ver1025388067iP', 11.69, '2025-01-09 02:42:29', 'Amanda Ford', 22, 'Women\'s Apparel'),
(166, 'Metal Key USB 2.0 Flash Memory Drive Stick (B)', 'ver1025413035iP', 9.66, '2025-01-10 02:42:29', 'Corey Pugh', 28, 'Mobile & Gadgets'),
(167, 'Merry Christmas Men Cotton Tshirt Short Sleeve Hip Hop Tops', 'ver1025428228iP', 14, '2025-01-11 02:42:29', 'Richard Beck', 33, 'Men\'s Wear'),
(168, 'Men T shirt Keep Calm and Drink Beer design Highquality fitness tee mens tops', 'ver1025442881iP', 12.8, '2025-01-12 02:42:29', 'Zachary Velasquez', 43, 'Men\'s Wear'),
(169, 'Newborn Baby Girls Baby Boys Momscare Double Button Baby Bibs (3 pieces)', 'ver1025528736iP', 6.8, '2025-01-13 02:42:29', 'Christina Christensen', 63, 'Toys, Kids & Babies'),
(170, 'Asus zenfone4 3 2 Deluxe Zoom 5 6 Max C Live GO Selfie Phone Case', 'ver1025547224iP', 15.27, '2025-01-14 02:42:29', 'Robert Holt', 24, 'Mobile & Gadgets'),
(171, 'Circle Gold Rose Bouquet  Panda Gift ', 'ase1037469100Re', 82.23, '2025-01-15 02:42:29', 'Christina Christensen', 63, 'Design & Crafts'),
(172, 'pet supplies dog Teddy poodle skirt wedding dress clothes spring and s', 'ase1039472275Re', 13, '2025-01-16 02:42:29', 'Carlos Carter', 18, 'Pet Accessories'),
(173, '1PC Cosmetic Makeup Long Lasting Bright Lipstick Lip Stick Beautiful Colors', 'een1040576305iP', 2, '2025-01-17 02:42:29', 'Steven Evans', 12, 'Health & Beauty'),
(174, 'Unisex Emoji Backpacks 3D Printing Bags Drawstring Backpack', 'een1040577155iP', 4, '2025-01-18 02:42:29', 'April Richardson', 85, 'Bags & Luggage'),
(175, 'Men Long Sleeve T Shirt Male O Neck Tshirt Cotton Tees Tops Large Plus Size', 'een1040461389VI', 19.12, '2025-01-19 02:42:29', 'Kayla Alvarez', 27, 'Men\'s Wear'),
(176, 'Sunday Funday Insulated Lunch Tote With Zipper', 'een1040464640VI', 25.9, '2025-01-20 02:42:29', 'Michael Arias', 96, 'Bags & Luggage'),
(177, 'CELLGLO Crystal Eye ', 'ver1025077956Ap', 128, '2025-01-21 02:42:29', 'Arthur Thomas', 51, 'Health & Beauty'),
(178, 'BK124 LED Butterfly Heart Fairy String Curtain Light Valentines Day Wedding', 'ver1025088687Ap', 10.96, '2025-01-22 02:42:29', 'Eric Alvarez', 20, 'Home & Living'),
(179, 'Soft TPU Case for iphone X 5.8 Color Skin Anti Slip Case Cover', 'ver1025095784Ap', 1.46, '2025-01-23 02:42:29', 'Michael Arias', 96, 'Mobile & Gadgets'),
(180, 'Avene Sun Care SPF 50 Spray for Children 200ml', 'ver1025115761Ap', 38, '2025-01-24 02:42:29', 'Corey Pugh', 28, 'Health & Beauty'),
(181, 'Women elegant backless sleeveless halter dress', 'ver1025128946Ap', 18, '2025-01-25 02:42:29', 'Penny Wright', 93, 'Women\'s Apparel'),
(182, 'men shoes running shoes sport women fashion high quality', 'ver1025144518Ap', 89, '2025-01-26 02:42:29', 'Elizabeth Vaughn', 58, 'Men\'s Shoes'),
(183, 'Womens shoes leisure shoes', 'ver1025174841Ap', 20.21, '2025-01-27 02:42:29', 'Katherine Johnson', 73, 'Women\'s Shoes'),
(184, 'Women High Neck Long Sleeve Knitted Christmas Pattern Printed Pullover Sweater', 'ver1025180801Ap', 14.22, '2025-01-28 02:42:29', 'Eric Alvarez', 20, 'Women\'s Apparel'),
(185, 'Women Striped Hooded Long Sleeve Casual Print Hoodie Sweatshirt Pullover', 'ver1025190569Ap', 10, '2025-01-29 02:42:29', 'Penny Wright', 93, 'Women\'s Apparel'),
(186, 'high quality For xiaomi Redmi 4 prime mobile phone Case', 'ver1025196205Ap', 5.99, '2025-01-30 02:42:29', 'Ernest Maldonado', 78, 'Mobile & Gadgets'),
(187, 'US Hot Sale Nike Huareche  Fashion Runing Shoes ', 'ver1025201217Ap', 66.45, '2025-01-31 02:42:29', 'Courtney Evans', 95, 'Men\'s Shoes'),
(188, 'Wave Ring Fashion Dainty Simple Thin Jewelry Sterling Silver Women', 'ver1025205403Ap', 1.36, '2025-02-01 02:42:29', 'Kelli White', 70, 'Jewellery & Accessories'),
(189, 'Mens Fashion Summer Bulge Pouch Boxer Shorts Briefs', 'ver1025213999Ap', 3.79, '2025-02-02 02:42:29', 'Caleb Carr', 53, 'Men\'s Wear'),
(190, 'Short Sleeve Men Tshirt MUSIC NEVER SLEEPS Lovers Tops', 'ver1025219722Ap', 16, '2025-02-03 02:42:29', 'Steven Martin', 25, 'Men\'s Wear'),
(191, '2018 Hip Hop Music Rock Coke Boys Letter Printed Men T Shirt Short sleeve summer', 'ver1025226740Ap', 12.34, '2025-02-04 02:42:29', 'Heather Collins', 71, 'Men\'s Wear'),
(192, 'Outdoor Hiking Pants Quick Drying Breathable Trousers Lovers Climbing Pants', 'ver1025233965Ap', 177, '2025-02-05 02:42:29', 'Heather Collins', 71, 'Men\'s Wear'),
(193, 'Eleanor in Celestial White ', 'ver1025241728Ap', 23.9, '2025-02-06 02:42:29', 'Christopher Henry', 62, 'Jewellery & Accessories'),
(194, 'homies Levin Kou BB cream nude makeup isolation liquid foundation', 'ver1025248310Ap', 2.25, '2025-02-07 02:42:29', 'Tyler Young', 59, 'Health & Beauty'),
(195, 'Hot Sale!Women Long Sleeve Print Loose Casual TShirt Tops', 'ver1025257847Ap', 6, '2025-02-08 02:42:29', 'Amanda Ford', 22, 'Women\'s Apparel'),
(196, 'Women Fashion  Backpack Bags', 'ver1025387184Ap', 15.92, '2025-02-09 02:42:29', 'Ebony Soto', 89, 'Bags & Luggage'),
(197, 'Piglet Childrens Slippers Home Cave shoes Nonslip Beach Childrens Slippers', 'ver1025411979Ap', 5.93, '2025-02-10 02:42:29', 'Bethany David', 52, 'Toys, Kids & Babies'),
(198, 'Korean New Fashion Women Casual Loose Summer Dress Party Midi Dress', 'ver1025427879Ap', 7.7, '2025-02-11 02:42:29', 'Steven Martin', 25, 'Women\'s Apparel'),
(199, 'Cute Toy Funny Emoji Design Cushion Poo Shape', 'ver1025444022Ap', 7.05, '2025-02-12 02:42:29', 'Ernest Maldonado', 78, 'Home & Living'),
(200, 'Crystal Brooch Woman Corsage Ornaments Decorate Brooch Accessories', 'ver1025546514Ap', 3.67, '2025-02-13 02:42:29', 'Tara Morrison', 47, 'Jewellery & Accessories');

-- --------------------------------------------------------

--
-- Δομή πίνακα για τον πίνακα `users`
--

CREATE TABLE `users` (
  `ID` int(11) NOT NULL,
  `NAME` varchar(50) NOT NULL,
  `SURNAME` varchar(50) NOT NULL,
  `USERNAME` varchar(50) NOT NULL,
  `PASSWORD` varchar(50) NOT NULL,
  `EMAIL` varchar(50) NOT NULL,
  `ROLE` enum('ADMIN','PRODUCTSELLER','USER') NOT NULL,
  `CONFIRMED` tinyint(1) NOT NULL
) ENGINE=InnoDB DEFAULT CHARSET=utf8mb4;

--
-- Άδειασμα δεδομένων του πίνακα `users`
--

INSERT INTO `users` (`ID`, `NAME`, `SURNAME`, `USERNAME`, `PASSWORD`, `EMAIL`, `ROLE`, `CONFIRMED`) VALUES
(1, 'Donald', 'Diaz', 'ddiaz', '1234', 'ddiaz@aol.com', 'ADMIN', 1),
(2, 'James', 'Fitzpatrick', 'jfitzpatrick', '1234', 'jfitzpatrick@live.com', 'USER', 1),
(3, 'Jennifer', 'Klein', 'jklein', '1234', 'jklein@live.com', 'ADMIN', 0),
(4, 'Joshua', 'Baldwin', 'jbaldwin', '1234', 'jbaldwin@aol.com', 'ADMIN', 0),
(5, 'Donald', 'White', 'dwhite', '1234', 'dwhite@outlook.com', 'PRODUCTSELLER', 0),
(6, 'Patricia', 'Ruiz', 'pruiz', '1234', 'pruiz@outlook.com', 'USER', 1),
(7, 'Jason', 'Mosley', 'jmosley', '1234', 'jmosley@gmail.com', 'ADMIN', 1),
(8, 'Ryan', 'Ferguson', 'rferguson', '1234', 'rferguson@outlook.com', 'ADMIN', 1),
(9, 'Laura', 'Smith', 'lsmith', '1234', 'lsmith@aol.com', 'ADMIN', 1),
(10, 'Leslie', 'Stone', 'lstone', '1234', 'lstone@aol.com', 'USER', 1),
(11, 'Molly', 'Roman', 'mroman', '1234', 'mroman@gmail.com', 'PRODUCTSELLER', 0),
(12, 'Steven', 'Evans', 'sevans', '1234', 'sevans@hotmail.com', 'PRODUCTSELLER', 1),
(13, 'Elijah', 'Elliott', 'eelliott', '1234', 'eelliott@hotmail.com', 'ADMIN', 1),
(14, 'Bryan', 'Osborn', 'bosborn', '1234', 'bosborn@hotmail.com', 'USER', 1),
(15, 'Jonathan', 'Byrd', 'jbyrd', '1234', 'jbyrd@hotmail.com', 'USER', 0),
(16, 'Maria', 'Williams', 'mwilliams', '1234', 'mwilliams@aol.com', 'USER', 0),
(17, 'Sandra', 'Jones', 'sjones', '1234', 'sjones@aol.com', 'PRODUCTSELLER', 1),
(18, 'Carlos', 'Carter', 'ccarter', '1234', 'ccarter@aol.com', 'PRODUCTSELLER', 0),
(19, 'Brian', 'York', 'byork', '1234', 'byork@gmail.com', 'PRODUCTSELLER', 0),
(20, 'Eric', 'Alvarez', 'ealvarez', '1234', 'ealvarez@live.com', 'PRODUCTSELLER', 1),
(21, 'Paul', 'Clark', 'pclark', '1234', 'pclark@aol.com', 'PRODUCTSELLER', 0),
(22, 'Amanda', 'Ford', 'aford', '1234', 'aford@msn.com', 'PRODUCTSELLER', 0),
(23, 'Jennifer', 'Matthews', 'jmatthews', '1234', 'jmatthews@live.com', 'USER', 0),
(24, 'Robert', 'Holt', 'rholt', '1234', 'rholt@gmail.com', 'PRODUCTSELLER', 0),
(25, 'Steven', 'Martin', 'smartin', '1234', 'smartin@aol.com', 'PRODUCTSELLER', 1),
(26, 'Joanna', 'Armstrong', 'jarmstrong', '1234', 'jarmstrong@msn.com', 'PRODUCTSELLER', 0),
(27, 'Kayla', 'Alvarez', 'kalvarez', '1234', 'kalvarez@aol.com', 'PRODUCTSELLER', 1),
(28, 'Corey', 'Pugh', 'cpugh', '1234', 'cpugh@outlook.com', 'PRODUCTSELLER', 1),
(29, 'David', 'Osborne', 'dosborne', '1234', 'dosborne@yahoo.com', 'USER', 1),
(30, 'Dawn', 'Steele', 'dsteele', '1234', 'dsteele@gmail.com', 'USER', 1),
(31, 'Brett', 'Chan', 'bchan', '1234', 'bchan@yahoo.com', 'USER', 1),
(32, 'Eric', 'Johnson', 'ejohnson', '1234', 'ejohnson@aol.com', 'USER', 1),
(33, 'Richard', 'Beck', 'rbeck', '1234', 'rbeck@live.com', 'PRODUCTSELLER', 1),
(34, 'Tara', 'Barker', 'tbarker', '1234', 'tbarker@hotmail.com', 'PRODUCTSELLER', 1),
(35, 'Shawn', 'Abbott', 'sabbott', '1234', 'sabbott@msn.com', 'USER', 1),
(36, 'Laura', 'Turner', 'lturner', '1234', 'lturner@outlook.com', 'USER', 1),
(37, 'Anthony', 'Flores', 'aflores', '1234', 'aflores@live.com', 'ADMIN', 1),
(38, 'Connor', 'Cole', 'ccole', '1234', 'ccole@msn.com', 'PRODUCTSELLER', 0),
(39, 'Jason', 'Freeman', 'jfreeman', '1234', 'jfreeman@msn.com', 'USER', 1),
(40, 'April', 'Jones', 'ajones', '1234', 'ajones@yahoo.com', 'USER', 0),
(41, 'Angela', 'Chase', 'achase', '1234', 'achase@live.com', 'ADMIN', 1),
(42, 'Rachel', 'Curtis', 'rcurtis', '1234', 'rcurtis@aol.com', 'ADMIN', 1),
(43, 'Zachary', 'Velasquez', 'zvelasquez', '1234', 'zvelasquez@gmail.com', 'PRODUCTSELLER', 0),
(44, 'Dana', 'Taylor', 'dtaylor', '1234', 'dtaylor@msn.com', 'ADMIN', 1),
(45, 'Chris', 'Lee', 'clee', '1234', 'clee@gmail.com', 'PRODUCTSELLER', 0),
(46, 'Aaron', 'White', 'awhite', '1234', 'awhite@live.com', 'ADMIN', 0),
(47, 'Tara', 'Morrison', 'tmorrison', '1234', 'tmorrison@live.com', 'PRODUCTSELLER', 0),
(48, 'Diana', 'Robbins', 'drobbins', '1234', 'drobbins@live.com', 'ADMIN', 1),
(49, 'David', 'Smith', 'dsmith', '1234', 'dsmith@outlook.com', 'ADMIN', 0),
(50, 'Jennifer', 'Evans', 'jevans', '1234', 'jevans@outlook.com', 'ADMIN', 1),
(51, 'Arthur', 'Thomas', 'athomas', '1234', 'athomas@aol.com', 'PRODUCTSELLER', 0),
(52, 'Bethany', 'David', 'bdavid', '1234', 'bdavid@gmail.com', 'PRODUCTSELLER', 1),
(53, 'Caleb', 'Carr', 'ccarr', '1234', 'ccarr@outlook.com', 'PRODUCTSELLER', 1),
(54, 'Tina', 'Stafford', 'tstafford', '1234', 'tstafford@yahoo.com', 'PRODUCTSELLER', 1),
(55, 'Jennifer', 'Ashley', 'jashley', '1234', 'jashley@msn.com', 'ADMIN', 1),
(56, 'Megan', 'Weber', 'mweber', '1234', 'mweber@outlook.com', 'PRODUCTSELLER', 0),
(57, 'Natasha', 'Kennedy', 'nkennedy', '1234', 'nkennedy@hotmail.com', 'PRODUCTSELLER', 0),
(58, 'Elizabeth', 'Vaughn', 'evaughn', '1234', 'evaughn@gmail.com', 'PRODUCTSELLER', 1),
(59, 'Tyler', 'Young', 'tyoung', '1234', 'tyoung@gmail.com', 'PRODUCTSELLER', 0),
(60, 'Larry', 'Miller', 'lmiller', '1234', 'lmiller@aol.com', 'ADMIN', 1),
(61, 'Joshua', 'Hernandez', 'jhernandez', '1234', 'jhernandez@outlook.com', 'USER', 0),
(62, 'Christopher', 'Henry', 'chenry', '1234', 'chenry@gmail.com', 'PRODUCTSELLER', 1),
(63, 'Christina', 'Christensen', 'cchristensen', '1234', 'cchristensen@live.com', 'PRODUCTSELLER', 0),
(64, 'Troy', 'Garrison', 'tgarrison', '1234', 'tgarrison@aol.com', 'USER', 1),
(65, 'Diane', 'Miller', 'dmiller', '1234', 'dmiller@aol.com', 'USER', 0),
(66, 'Sara', 'Huang', 'shuang', '1234', 'shuang@live.com', 'USER', 0),
(67, 'Victoria', 'Bradley', 'vbradley', '1234', 'vbradley@aol.com', 'PRODUCTSELLER', 1),
(68, 'Sharon', 'Meyer', 'smeyer', '1234', 'smeyer@gmail.com', 'USER', 0),
(69, 'Timothy', 'Moore', 'tmoore', '1234', 'tmoore@hotmail.com', 'USER', 1),
(70, 'Kelli', 'White', 'kwhite', '1234', 'kwhite@aol.com', 'PRODUCTSELLER', 1),
(71, 'Heather', 'Collins', 'hcollins', '1234', 'hcollins@hotmail.com', 'PRODUCTSELLER', 0),
(72, 'Lisa', 'Evans', 'levans', '1234', 'levans@gmail.com', 'USER', 1),
(73, 'Katherine', 'Johnson', 'kjohnson', '1234', 'kjohnson@gmail.com', 'PRODUCTSELLER', 1),
(74, 'Todd', 'Phillips', 'tphillips', '1234', 'tphillips@msn.com', 'USER', 1),
(75, 'Wanda', 'Gilmore', 'wgilmore', '1234', 'wgilmore@gmail.com', 'PRODUCTSELLER', 1),
(76, 'Henry', 'Harris', 'hharris', '1234', 'hharris@gmail.com', 'USER', 1),
(77, 'Christina', 'Baker', 'cbaker', '1234', 'cbaker@msn.com', 'ADMIN', 1),
(78, 'Ernest', 'Maldonado', 'emaldonado', '1234', 'emaldonado@outlook.com', 'PRODUCTSELLER', 0),
(79, 'Amanda', 'Austin', 'aaustin', '1234', 'aaustin@aol.com', 'ADMIN', 1),
(80, 'Jay', 'Cortez', 'jcortez', '1234', 'jcortez@live.com', 'USER', 0),
(81, 'Courtney', 'Pollard', 'cpollard', '1234', 'cpollard@aol.com', 'USER', 1),
(82, 'Sarah', 'Crawford', 'scrawford', '1234', 'scrawford@live.com', 'ADMIN', 0),
(83, 'Colleen', 'Ramirez', 'cramirez', '1234', 'cramirez@live.com', 'PRODUCTSELLER', 1),
(84, 'Katie', 'Bradford', 'kbradford', '1234', 'kbradford@live.com', 'ADMIN', 1),
(85, 'April', 'Richardson', 'arichardson', '1234', 'arichardson@hotmail.com', 'PRODUCTSELLER', 1),
(86, 'Tammy', 'David', 'tdavid', '1234', 'tdavid@gmail.com', 'USER', 0),
(87, 'James', 'Fleming', 'jfleming', '1234', 'jfleming@msn.com', 'USER', 0),
(88, 'Nicole', 'Ingram', 'ningram', '1234', 'ningram@aol.com', 'ADMIN', 0),
(89, 'Ebony', 'Soto', 'esoto', '1234', 'esoto@hotmail.com', 'PRODUCTSELLER', 0),
(90, 'Andre', 'Mitchell', 'amitchell', '1234', 'amitchell@yahoo.com', 'USER', 0),
(91, 'Dave', 'Graham', 'dgraham', '1234', 'dgraham@live.com', 'ADMIN', 1),
(92, 'Johnny', 'Bernard', 'jbernard', '1234', 'jbernard@live.com', 'PRODUCTSELLER', 0),
(93, 'Penny', 'Wright', 'pwright', '1234', 'pwright@hotmail.com', 'PRODUCTSELLER', 1),
(94, 'Elizabeth', 'Howell', 'ehowell', '1234', 'ehowell@outlook.com', 'USER', 0),
(95, 'Courtney', 'Evans', 'cevans', '1234', 'cevans@yahoo.com', 'PRODUCTSELLER', 1),
(96, 'Michael', 'Arias', 'marias', '1234', 'marias@live.com', 'PRODUCTSELLER', 0),
(97, 'Randy', 'Schmidt', 'rschmidt', '1234', 'rschmidt@gmail.com', 'ADMIN', 0),
(98, 'Jordan', 'Hobbs', 'jhobbs', '1234', 'jhobbs@live.com', 'USER', 1),
(99, 'Justin', 'Cisneros', 'jcisneros', '1234', 'jcisneros@msn.com', 'USER', 1),
(100, 'Sarah', 'Johnson', 'sjohnson', '1234', 'sjohnson@live.com', 'USER', 0);

--
-- Ευρετήρια για άχρηστους πίνακες
--

--
-- Ευρετήρια για πίνακα `carts`
--
ALTER TABLE `carts`
  ADD PRIMARY KEY (`ID`),
  ADD UNIQUE KEY `ID` (`ID`);

--
-- Ευρετήρια για πίνακα `products`
--
ALTER TABLE `products`
  ADD PRIMARY KEY (`ID`),
  ADD UNIQUE KEY `ID` (`ID`);

--
-- Ευρετήρια για πίνακα `users`
--
ALTER TABLE `users`
  ADD PRIMARY KEY (`ID`),
  ADD UNIQUE KEY `ID` (`ID`);
COMMIT;

/*!40101 SET CHARACTER_SET_CLIENT=@OLD_CHARACTER_SET_CLIENT */;
/*!40101 SET CHARACTER_SET_RESULTS=@OLD_CHARACTER_SET_RESULTS */;
/*!40101 SET COLLATION_CONNECTION=@OLD_COLLATION_CONNECTION */;
